<?xml version="1.0" encoding="UTF-8"?>
<launch4jConfig>
  <dontWrapJar>false</dontWrapJar>
  <headerType>gui</headerType>
  <jar>C:\workspaces\lab-java\MouseGame\jar\MouseGameEnd.jar</jar>
  <outfile>C:\workspaces\lab-java\MouseGame\jar\MouseGaneEnd.exe</outfile>
  <errTitle></errTitle>
  <cmdLine></cmdLine>
  <chdir>.</chdir>
  <priority>normal</priority>
  <downloadUrl>http://java.com/download</downloadUrl>
  <supportUrl></supportUrl>
  <stayAlive>false</stayAlive>
  <restartOnCrash>false</restartOnCrash>
  <manifest></manifest>
  <icon></icon>
  <classPath>
    <mainClass>edu.java.view.LoginMain</mainClass>
    <cp>.</cp>
    <cp>MouseGameEnd_lib/ojdbc11-21.9.0.0.jar</cp>
  </classPath>
  <jre>
    <path>C:\Program Files\Java</path>
    <requiresJdk>false</requiresJdk>
    <requires64Bit>true</requires64Bit>
    <minVersion>1.0.0</minVersion>
    <maxVersion></maxVersion>
  </jre>
</launch4jConfig>